Solution,2025,2026,2027
Multi Factor Authentication,-0.2398566920310259,-0.11167117767035964,0.06209561601281166
Cryptography,-0.3477241564542055,-0.09733116564651331,0.16950474143959582
Dynamic Binary Instrumentation,-0.015305953100323677,-0.06234761762122315,-0.039375759661197635
Penetration Testing,0.001997006591409445,-0.018063497419158636,0.02038255085547766
Password Hashing,0.01746815357667704,0.024813937023282037,0.07358012348413467
ONE Time Password,0.03234373090284255,0.03266076588382323,0.08227750410636267
ML/DL,-0.07243199273943902,0.0712706607300788,0.22638517647677267
Encryption,0.009379426017403596,0.11857546330429612,0.16148165582368773
IDS/IPS,0.05327482387656345,0.08506270280728737,0.1779389288276434
CAPTCHA,0.046911945527729884,0.10578539843360582,0.20091739312435192
