,value
2020-01-31,2.0
2020-02-29,2.0
2020-03-31,2.0
2020-04-30,6.680000000000001
2020-05-31,7.8016
2020-06-30,8.396992000000001
2020-07-31,12.96093504
2020-08-31,14.1196557248
2020-09-30,14.718914669376002
2020-10-31,21.756680279413125
2020-11-30,26.187968920064137
2020-12-31,27.45048962904813
2021-01-31,26.823243578262275
2021-02-28,27.20402482520713
2021-03-31,27.1806072027013
2021-04-30,26.794113126365005
2021-05-31,25.052445063871392
2021-06-30,23.203370455711
2021-07-31,24.363102194695315
2021-08-31,21.925967693940343
2021-09-30,21.564767612442655
2021-10-31,20.76274451072146
2021-11-30,18.558041383850743
2021-12-31,16.51706732815157
2022-01-31,13.574678658177769
2022-02-28,11.909288495456016
2022-03-31,9.793158694142758
2022-04-30,7.574847112136542
2022-05-31,7.481121274966853
2022-06-30,7.932334383265126
2022-07-31,6.810456149235619
2022-08-31,6.066452054131994
2022-09-30,6.914854806914772
2022-10-31,6.120971640211828
2022-11-30,5.242847640972825
2022-12-31,5.195250612428538
2023-01-31,4.386555768365823
2023-02-28,3.877133735658405
2023-03-31,3.322339894151977
2023-04-30,2.713355239971632
2023-05-31,3.0838683940101728
2023-06-30,8.174814180824555
2023-07-31,9.05142096353276
2023-08-31,9.808824439064166
2023-09-30,10.696222833870504
2023-10-31,11.473994704180091
2023-11-30,11.219769546333325
2023-12-31,10.744373817881227
2024-01-31,10.864186447737907
2024-02-29,10.786092221176782
2024-03-31,10.762224650636464
2024-04-30,14.457877097631089
2024-05-31,15.370227986997314
2024-06-30,20.830236947817
2024-07-31,22.32933790412021
2024-08-31,21.69864862766949
2024-09-30,21.09006882003376
2024-10-31,24.799644928560586
2024-11-30,57.93427407837791
2024-12-31,60.517412090862166
2025-01-31,61.45671393937213
2025-02-28,60.918384184849934
2025-03-31,58.57633588023446
2025-04-30,54.071202329673504
2025-05-31,50.79444606427843
2025-06-30,45.49153204349452
2025-07-31,39.10416346348416
2025-08-31,31.942406837570317
2025-09-30,24.85855366912074
2025-10-31,17.467329207442507
2025-11-30,10.45120731570882
2025-12-31,4.013161393677239
2026-01-31,-2.071474778
2026-02-28,-6.935503089
2026-03-31,-11.08506348
2026-04-30,-14.36711592
2026-05-31,-17.15994964
2026-06-30,-9.248701504
2026-07-31,-3.831117133
2026-08-31,2.089642314053715
2026-09-30,3.775636547288717
2026-10-31,11.019762260781558
2026-11-30,12.668882535101666
2026-12-31,18.64302430593672
2027-01-31,19.82046117051016
2027-02-28,20.215540513510952
2027-03-31,20.51464570680633
2027-04-30,24.998401009567992
2027-05-31,24.18382875176644
2027-06-30,22.72519885719205
2027-07-31,21.120675986359345
2027-08-31,18.872985123019127
2027-09-30,16.18387379232236
2027-10-31,32.77815738092559
2027-11-30,31.859667889240736
2027-12-31,34.91723731004714
2028-01-31,37.76153266947149
2028-02-29,40.32855251286927
2028-03-31,42.69901379654118
2028-04-30,49.92145853794967
2028-05-31,47.41401504907881
2028-06-30,48.24489545762269
2028-07-31,43.97534096158349
2028-08-31,39.23348168630071
2028-09-30,38.71880388795719
2028-10-31,38.0640297528093
2028-11-30,37.762812138591926
2028-12-31,47.46883192163853
2029-01-31,43.340184768731326
2029-02-28,53.074196788052895
2029-03-31,49.39258170180072
2029-04-30,49.55735067311975
2029-05-31,44.14892222711328
2029-06-30,44.74686895889406
2029-07-31,43.712614948729936
2029-08-31,52.26040789112034
2029-09-30,56.83560930253808
2029-10-31,51.74822229373791
2029-11-30,46.13712731700562
2029-12-31,44.63302801843639
2030-01-31,38.100347809171
2030-02-28,31.00792518655701
2030-03-31,34.12450707060771
2030-04-30,34.82569555413511
2030-05-31,39.021994322685714
2030-06-30,33.928003384700695
2030-07-31,33.655571438973155
2030-08-31,29.34071554464917
2030-09-30,35.47712377341811
2030-10-31,41.33557746610761
2030-11-30,39.05811846554493
2030-12-31,35.31666181107217
2031-01-31,31.45985096771453
2031-02-28,32.384925679661215
2031-03-31,33.6859451500234
2031-04-30,29.82628431884866
2031-05-31,37.33780104122594
2031-06-30,34.28803206012871
2031-07-31,30.20459901533734
2031-08-31,26.10337130456499
2031-09-30,21.80916522573293
2031-10-31,17.47010479801208
2031-11-30,18.03084726912296
2031-12-31,14.214590075049056
2032-01-31,11.123520898131074
2032-02-29,8.017853011960957
2032-03-31,9.742216324049023
2032-04-30,7.971876815206816
2032-05-31,5.759414952792622
2032-06-30,4.36541682803607
2032-07-31,7.01985601091409
2032-08-31,5.658255595176886
2032-09-30,5.103067553158096
2032-10-31,5.7303062887464415
2032-11-30,5.82291196211356
2032-12-31,10.191569709280556
2033-01-31,10.26761459045244
2033-02-28,14.468026545793563
2033-03-31,14.404356509226767
2033-04-30,18.55492278103985
2033-05-31,22.873784742240424
2033-06-30,22.53454696505373
