Solution,2025,2026,2027,2028
Encryption,-1.1602126052748645,-1.294188513168289,-1.411196704255417
Cryptography,-0.7485942831408465,-0.8905855604098178,-0.9514855598875632
Anomaly Detection,-0.14567648403559966,-0.13801995049774027,-0.1746566325891763
Ssl_tls,-0.0313164630739872,-0.04095361666986719,-0.04739139686959485
Identity-Based Encryption (IBE),-0.0317139046722635,-0.032208871154580265,-0.03315695491619408
Https,-0.021304877799896833,-0.017341482976917177,-0.023041382354373734
Penetration Testing,-0.010056554043937163,-0.012414811159639308,-0.017086128316198785
Continuous Authentication,-0.009255621674431799,-0.009931673121172935,-0.011080336524173617
Strong Authentication,-0.0013537538422193998,-0.0018914316121178372,-0.002649929723702371
Session Management,0.0009722989198053256,0.0017789215974820158,0.0009081773653936882
