Date,Attack,Technology,Gap
2024-12-31,Mentions-Supply Chain,Solution_BLOCKCHAIN_Mentions,-336.81591642233394
2025-01-30,Mentions-Supply Chain,Solution_BLOCKCHAIN_Mentions,-336.9222829966049
2025-03-01,Mentions-Supply Chain,Solution_BLOCKCHAIN_Mentions,-336.621889379201
2025-03-31,Mentions-Supply Chain,Solution_BLOCKCHAIN_Mentions,-336.787089327063
2025-04-30,Mentions-Supply Chain,Solution_BLOCKCHAIN_Mentions,-336.4289428309182
2025-05-30,Mentions-Supply Chain,Solution_BLOCKCHAIN_Mentions,-337.1052820640305
2025-06-29,Mentions-Supply Chain,Solution_BLOCKCHAIN_Mentions,-336.93709116436
2025-07-29,Mentions-Supply Chain,Solution_BLOCKCHAIN_Mentions,-337.82742335413246
2025-08-28,Mentions-Supply Chain,Solution_BLOCKCHAIN_Mentions,-336.79399483961834
2025-09-27,Mentions-Supply Chain,Solution_BLOCKCHAIN_Mentions,-337.2383047830925
2025-10-27,Mentions-Supply Chain,Solution_BLOCKCHAIN_Mentions,-337.9987142851564
2025-11-26,Mentions-Supply Chain,Solution_BLOCKCHAIN_Mentions,-337.800505895509
2025-12-26,Mentions-Supply Chain,Solution_BLOCKCHAIN_Mentions,-338.3106595451944
2026-01-25,Mentions-Supply Chain,Solution_BLOCKCHAIN_Mentions,-338.34798548193925
2026-02-24,Mentions-Supply Chain,Solution_BLOCKCHAIN_Mentions,-338.58254195531873
2026-03-26,Mentions-Supply Chain,Solution_BLOCKCHAIN_Mentions,-339.4175247917967
2026-04-25,Mentions-Supply Chain,Solution_BLOCKCHAIN_Mentions,-340.47565983560514
2026-05-25,Mentions-Supply Chain,Solution_BLOCKCHAIN_Mentions,-341.3032505591562
2026-06-24,Mentions-Supply Chain,Solution_BLOCKCHAIN_Mentions,-342.46615613545146
2026-07-24,Mentions-Supply Chain,Solution_BLOCKCHAIN_Mentions,-343.7423161103591
2024-12-31,Mentions-Supply Chain,Solution_ACCESS CONTROL_Mentions,-227.37186455471004
2025-01-30,Mentions-Supply Chain,Solution_ACCESS CONTROL_Mentions,-232.12646206473477
2025-03-01,Mentions-Supply Chain,Solution_ACCESS CONTROL_Mentions,-232.89229800259102
2025-03-31,Mentions-Supply Chain,Solution_ACCESS CONTROL_Mentions,-233.94430711055622
2025-04-30,Mentions-Supply Chain,Solution_ACCESS CONTROL_Mentions,-237.5324316758779
2025-05-30,Mentions-Supply Chain,Solution_ACCESS CONTROL_Mentions,-238.26743429015858
2025-06-29,Mentions-Supply Chain,Solution_ACCESS CONTROL_Mentions,-241.2312912739155
2025-07-29,Mentions-Supply Chain,Solution_ACCESS CONTROL_Mentions,-242.6102834914917
2025-08-28,Mentions-Supply Chain,Solution_ACCESS CONTROL_Mentions,-242.83271592660873
2025-09-27,Mentions-Supply Chain,Solution_ACCESS CONTROL_Mentions,-243.9976407762134
2025-10-27,Mentions-Supply Chain,Solution_ACCESS CONTROL_Mentions,-246.380472199777
2025-11-26,Mentions-Supply Chain,Solution_ACCESS CONTROL_Mentions,-248.86693818652265
2025-12-26,Mentions-Supply Chain,Solution_ACCESS CONTROL_Mentions,-250.1931183615632
2026-01-25,Mentions-Supply Chain,Solution_ACCESS CONTROL_Mentions,-249.71160078701462
2026-02-24,Mentions-Supply Chain,Solution_ACCESS CONTROL_Mentions,-252.04827223272395
2026-03-26,Mentions-Supply Chain,Solution_ACCESS CONTROL_Mentions,-251.51341139722803
2026-04-25,Mentions-Supply Chain,Solution_ACCESS CONTROL_Mentions,-252.11549465212545
2026-05-25,Mentions-Supply Chain,Solution_ACCESS CONTROL_Mentions,-255.18854344629466
2026-06-24,Mentions-Supply Chain,Solution_ACCESS CONTROL_Mentions,-256.82006830330215
2026-07-24,Mentions-Supply Chain,Solution_ACCESS CONTROL_Mentions,-257.22704191932445
2024-12-31,Mentions-Supply Chain,Solution_ENCRYPTION_Mentions,-769.2210021709036
2025-01-30,Mentions-Supply Chain,Solution_ENCRYPTION_Mentions,-774.843699848889
2025-03-01,Mentions-Supply Chain,Solution_ENCRYPTION_Mentions,-776.1655185889407
2025-03-31,Mentions-Supply Chain,Solution_ENCRYPTION_Mentions,-783.9837139184456
2025-04-30,Mentions-Supply Chain,Solution_ENCRYPTION_Mentions,-790.9969183178994
2025-05-30,Mentions-Supply Chain,Solution_ENCRYPTION_Mentions,-799.0833219488147
2025-06-29,Mentions-Supply Chain,Solution_ENCRYPTION_Mentions,-797.9374781328729
2025-07-29,Mentions-Supply Chain,Solution_ENCRYPTION_Mentions,-801.2381305877892
2025-08-28,Mentions-Supply Chain,Solution_ENCRYPTION_Mentions,-807.9186079966607
2025-09-27,Mentions-Supply Chain,Solution_ENCRYPTION_Mentions,-814.5876175156096
2025-10-27,Mentions-Supply Chain,Solution_ENCRYPTION_Mentions,-815.145405650782
2025-11-26,Mentions-Supply Chain,Solution_ENCRYPTION_Mentions,-820.6202965997729
2025-12-26,Mentions-Supply Chain,Solution_ENCRYPTION_Mentions,-826.5345147139632
2026-01-25,Mentions-Supply Chain,Solution_ENCRYPTION_Mentions,-829.5607760446901
2026-02-24,Mentions-Supply Chain,Solution_ENCRYPTION_Mentions,-834.9360287490354
2026-03-26,Mentions-Supply Chain,Solution_ENCRYPTION_Mentions,-843.1137226304459
2026-04-25,Mentions-Supply Chain,Solution_ENCRYPTION_Mentions,-844.5243346219336
2026-05-25,Mentions-Supply Chain,Solution_ENCRYPTION_Mentions,-852.8611619436265
2026-06-24,Mentions-Supply Chain,Solution_ENCRYPTION_Mentions,-853.0409546997012
2026-07-24,Mentions-Supply Chain,Solution_ENCRYPTION_Mentions,-870.4200500792344
2024-12-31,Mentions-Supply Chain,Solution_SUPPLY CHAIN RISK MANAGEMENT_Mentions,19.539006681060627
2025-01-30,Mentions-Supply Chain,Solution_SUPPLY CHAIN RISK MANAGEMENT_Mentions,19.545321364269984
2025-03-01,Mentions-Supply Chain,Solution_SUPPLY CHAIN RISK MANAGEMENT_Mentions,19.676016074662673
2025-03-31,Mentions-Supply Chain,Solution_SUPPLY CHAIN RISK MANAGEMENT_Mentions,19.745411076383757
2025-04-30,Mentions-Supply Chain,Solution_SUPPLY CHAIN RISK MANAGEMENT_Mentions,19.799603802653372
2025-05-30,Mentions-Supply Chain,Solution_SUPPLY CHAIN RISK MANAGEMENT_Mentions,19.676423153643217
2025-06-29,Mentions-Supply Chain,Solution_SUPPLY CHAIN RISK MANAGEMENT_Mentions,19.867880732682618
2025-07-29,Mentions-Supply Chain,Solution_SUPPLY CHAIN RISK MANAGEMENT_Mentions,19.60280563706614
2025-08-28,Mentions-Supply Chain,Solution_SUPPLY CHAIN RISK MANAGEMENT_Mentions,20.035196519448128
2025-09-27,Mentions-Supply Chain,Solution_SUPPLY CHAIN RISK MANAGEMENT_Mentions,19.999148018062243
2025-10-27,Mentions-Supply Chain,Solution_SUPPLY CHAIN RISK MANAGEMENT_Mentions,19.61262016184118
2025-11-26,Mentions-Supply Chain,Solution_SUPPLY CHAIN RISK MANAGEMENT_Mentions,19.782937343073304
2025-12-26,Mentions-Supply Chain,Solution_SUPPLY CHAIN RISK MANAGEMENT_Mentions,19.934239742775596
2026-01-25,Mentions-Supply Chain,Solution_SUPPLY CHAIN RISK MANAGEMENT_Mentions,20.105742902367414
2026-02-24,Mentions-Supply Chain,Solution_SUPPLY CHAIN RISK MANAGEMENT_Mentions,19.820177641681948
2026-03-26,Mentions-Supply Chain,Solution_SUPPLY CHAIN RISK MANAGEMENT_Mentions,19.82999004664746
2026-04-25,Mentions-Supply Chain,Solution_SUPPLY CHAIN RISK MANAGEMENT_Mentions,19.80986653684738
2026-05-25,Mentions-Supply Chain,Solution_SUPPLY CHAIN RISK MANAGEMENT_Mentions,19.815246503467407
2026-06-24,Mentions-Supply Chain,Solution_SUPPLY CHAIN RISK MANAGEMENT_Mentions,19.935939793601097
2026-07-24,Mentions-Supply Chain,Solution_SUPPLY CHAIN RISK MANAGEMENT_Mentions,20.00530428354676
2024-12-31,Mentions-Supply Chain,Solution_IDENTITY MANAGEMENT_Mentions,8.86092680162745
2025-01-30,Mentions-Supply Chain,Solution_IDENTITY MANAGEMENT_Mentions,8.345524716389818
2025-03-01,Mentions-Supply Chain,Solution_IDENTITY MANAGEMENT_Mentions,8.44468499695792
2025-03-31,Mentions-Supply Chain,Solution_IDENTITY MANAGEMENT_Mentions,8.487788982188052
2025-04-30,Mentions-Supply Chain,Solution_IDENTITY MANAGEMENT_Mentions,8.583364613024777
2025-05-30,Mentions-Supply Chain,Solution_IDENTITY MANAGEMENT_Mentions,8.582288687210054
2025-06-29,Mentions-Supply Chain,Solution_IDENTITY MANAGEMENT_Mentions,8.68563419438161
2025-07-29,Mentions-Supply Chain,Solution_IDENTITY MANAGEMENT_Mentions,7.974120693945137
2025-08-28,Mentions-Supply Chain,Solution_IDENTITY MANAGEMENT_Mentions,8.690107825935748
2025-09-27,Mentions-Supply Chain,Solution_IDENTITY MANAGEMENT_Mentions,8.896141960960353
2025-10-27,Mentions-Supply Chain,Solution_IDENTITY MANAGEMENT_Mentions,8.800709291469204
2025-11-26,Mentions-Supply Chain,Solution_IDENTITY MANAGEMENT_Mentions,8.525665901159972
2025-12-26,Mentions-Supply Chain,Solution_IDENTITY MANAGEMENT_Mentions,8.351910598484302
2026-01-25,Mentions-Supply Chain,Solution_IDENTITY MANAGEMENT_Mentions,8.841599844020717
2026-02-24,Mentions-Supply Chain,Solution_IDENTITY MANAGEMENT_Mentions,8.136547185558314
2026-03-26,Mentions-Supply Chain,Solution_IDENTITY MANAGEMENT_Mentions,8.612971334130703
2026-04-25,Mentions-Supply Chain,Solution_IDENTITY MANAGEMENT_Mentions,8.398506379460066
2026-05-25,Mentions-Supply Chain,Solution_IDENTITY MANAGEMENT_Mentions,8.29322807594752
2026-06-24,Mentions-Supply Chain,Solution_IDENTITY MANAGEMENT_Mentions,8.506701321703943
2026-07-24,Mentions-Supply Chain,Solution_IDENTITY MANAGEMENT_Mentions,8.956702140253547
2024-12-31,Mentions-Supply Chain,Solution_ML/DL_Mentions,-227.10237035075585
2025-01-30,Mentions-Supply Chain,Solution_ML/DL_Mentions,-228.08179913881747
2025-03-01,Mentions-Supply Chain,Solution_ML/DL_Mentions,-228.49492666888216
2025-03-31,Mentions-Supply Chain,Solution_ML/DL_Mentions,-228.9665452413759
2025-04-30,Mentions-Supply Chain,Solution_ML/DL_Mentions,-229.75332277031316
2025-05-30,Mentions-Supply Chain,Solution_ML/DL_Mentions,-231.21055303910822
2025-06-29,Mentions-Supply Chain,Solution_ML/DL_Mentions,-231.33899621948675
2025-07-29,Mentions-Supply Chain,Solution_ML/DL_Mentions,-232.79751768243085
2025-08-28,Mentions-Supply Chain,Solution_ML/DL_Mentions,-233.34768037126025
2025-09-27,Mentions-Supply Chain,Solution_ML/DL_Mentions,-233.59178575676546
2025-10-27,Mentions-Supply Chain,Solution_ML/DL_Mentions,-234.5710081993733
2025-11-26,Mentions-Supply Chain,Solution_ML/DL_Mentions,-234.61034865611197
2025-12-26,Mentions-Supply Chain,Solution_ML/DL_Mentions,-235.91154361549005
2026-01-25,Mentions-Supply Chain,Solution_ML/DL_Mentions,-237.02239371517362
2026-02-24,Mentions-Supply Chain,Solution_ML/DL_Mentions,-238.62392951725275
2026-03-26,Mentions-Supply Chain,Solution_ML/DL_Mentions,-238.78916056843576
2026-04-25,Mentions-Supply Chain,Solution_ML/DL_Mentions,-240.44172524982048
2026-05-25,Mentions-Supply Chain,Solution_ML/DL_Mentions,-241.67163180788316
2026-06-24,Mentions-Supply Chain,Solution_ML/DL_Mentions,-242.96462207586694
2026-07-24,Mentions-Supply Chain,Solution_ML/DL_Mentions,-243.4637539467481
2024-12-31,Mentions-Supply Chain,Solution_ANOMALY DETECTION_Mentions,-66.18777181177148
2025-01-30,Mentions-Supply Chain,Solution_ANOMALY DETECTION_Mentions,-65.92378823806656
2025-03-01,Mentions-Supply Chain,Solution_ANOMALY DETECTION_Mentions,-66.26435569873601
2025-03-31,Mentions-Supply Chain,Solution_ANOMALY DETECTION_Mentions,-66.69966226567848
2025-04-30,Mentions-Supply Chain,Solution_ANOMALY DETECTION_Mentions,-66.84915040410813
2025-05-30,Mentions-Supply Chain,Solution_ANOMALY DETECTION_Mentions,-67.2528597230364
2025-06-29,Mentions-Supply Chain,Solution_ANOMALY DETECTION_Mentions,-67.3833508045324
2025-07-29,Mentions-Supply Chain,Solution_ANOMALY DETECTION_Mentions,-68.33643181660467
2025-08-28,Mentions-Supply Chain,Solution_ANOMALY DETECTION_Mentions,-68.81794168377894
2025-09-27,Mentions-Supply Chain,Solution_ANOMALY DETECTION_Mentions,-68.52509488465003
2025-10-27,Mentions-Supply Chain,Solution_ANOMALY DETECTION_Mentions,-68.99165033410841
2025-11-26,Mentions-Supply Chain,Solution_ANOMALY DETECTION_Mentions,-69.60027518908385
2025-12-26,Mentions-Supply Chain,Solution_ANOMALY DETECTION_Mentions,-70.02330367634491
2026-01-25,Mentions-Supply Chain,Solution_ANOMALY DETECTION_Mentions,-70.12587271637676
2026-02-24,Mentions-Supply Chain,Solution_ANOMALY DETECTION_Mentions,-70.53777344565495
2026-03-26,Mentions-Supply Chain,Solution_ANOMALY DETECTION_Mentions,-71.04652847139175
2026-04-25,Mentions-Supply Chain,Solution_ANOMALY DETECTION_Mentions,-71.75393579190275
2026-05-25,Mentions-Supply Chain,Solution_ANOMALY DETECTION_Mentions,-72.4557890850945
2026-06-24,Mentions-Supply Chain,Solution_ANOMALY DETECTION_Mentions,-73.0120355768956
2026-07-24,Mentions-Supply Chain,Solution_ANOMALY DETECTION_Mentions,-73.01332540977731
2024-12-31,Mentions-Supply Chain,Solution_CRYPTOGRAPHY_Mentions,-515.8999682164451
2025-01-30,Mentions-Supply Chain,Solution_CRYPTOGRAPHY_Mentions,-522.1157876786588
2025-03-01,Mentions-Supply Chain,Solution_CRYPTOGRAPHY_Mentions,-524.1460272446791
2025-03-31,Mentions-Supply Chain,Solution_CRYPTOGRAPHY_Mentions,-527.5719968979928
2025-04-30,Mentions-Supply Chain,Solution_CRYPTOGRAPHY_Mentions,-529.8551638039852
2025-05-30,Mentions-Supply Chain,Solution_CRYPTOGRAPHY_Mentions,-535.3567025880359
2025-06-29,Mentions-Supply Chain,Solution_CRYPTOGRAPHY_Mentions,-543.3241831529481
2025-07-29,Mentions-Supply Chain,Solution_CRYPTOGRAPHY_Mentions,-545.6307303403831
2025-08-28,Mentions-Supply Chain,Solution_CRYPTOGRAPHY_Mentions,-549.0085899797856
2025-09-27,Mentions-Supply Chain,Solution_CRYPTOGRAPHY_Mentions,-553.3308163616341
2025-10-27,Mentions-Supply Chain,Solution_CRYPTOGRAPHY_Mentions,-554.1651898364888
2025-11-26,Mentions-Supply Chain,Solution_CRYPTOGRAPHY_Mentions,-560.9114954654824
2025-12-26,Mentions-Supply Chain,Solution_CRYPTOGRAPHY_Mentions,-560.0527635028686
2026-01-25,Mentions-Supply Chain,Solution_CRYPTOGRAPHY_Mentions,-563.9662932673989
2026-02-24,Mentions-Supply Chain,Solution_CRYPTOGRAPHY_Mentions,-567.8294550205003
2026-03-26,Mentions-Supply Chain,Solution_CRYPTOGRAPHY_Mentions,-570.4755938579872
2026-04-25,Mentions-Supply Chain,Solution_CRYPTOGRAPHY_Mentions,-575.7268051517713
2026-05-25,Mentions-Supply Chain,Solution_CRYPTOGRAPHY_Mentions,-576.7728907978606
2026-06-24,Mentions-Supply Chain,Solution_CRYPTOGRAPHY_Mentions,-581.5583861617054
2026-07-24,Mentions-Supply Chain,Solution_CRYPTOGRAPHY_Mentions,-581.9211302406974
2024-12-31,Mentions-Supply Chain,Solution_PENETRATION TESTING_Mentions,13.873107603924312
2025-01-30,Mentions-Supply Chain,Solution_PENETRATION TESTING_Mentions,14.075325964336795
2025-03-01,Mentions-Supply Chain,Solution_PENETRATION TESTING_Mentions,13.50780040915337
2025-03-31,Mentions-Supply Chain,Solution_PENETRATION TESTING_Mentions,14.279104984070926
2025-04-30,Mentions-Supply Chain,Solution_PENETRATION TESTING_Mentions,14.06323280788193
2025-05-30,Mentions-Supply Chain,Solution_PENETRATION TESTING_Mentions,13.944304621380333
2025-06-29,Mentions-Supply Chain,Solution_PENETRATION TESTING_Mentions,13.99446213803917
2025-07-29,Mentions-Supply Chain,Solution_PENETRATION TESTING_Mentions,13.68313450868143
2025-08-28,Mentions-Supply Chain,Solution_PENETRATION TESTING_Mentions,14.061480164050138
2025-09-27,Mentions-Supply Chain,Solution_PENETRATION TESTING_Mentions,14.046530374694003
2025-10-27,Mentions-Supply Chain,Solution_PENETRATION TESTING_Mentions,14.032136845769971
2025-11-26,Mentions-Supply Chain,Solution_PENETRATION TESTING_Mentions,14.098540707404956
2025-12-26,Mentions-Supply Chain,Solution_PENETRATION TESTING_Mentions,13.955499971565203
2026-01-25,Mentions-Supply Chain,Solution_PENETRATION TESTING_Mentions,14.029751858296587
2026-02-24,Mentions-Supply Chain,Solution_PENETRATION TESTING_Mentions,13.710658370613329
2026-03-26,Mentions-Supply Chain,Solution_PENETRATION TESTING_Mentions,14.16872743538093
2026-04-25,Mentions-Supply Chain,Solution_PENETRATION TESTING_Mentions,13.536275516159659
2026-05-25,Mentions-Supply Chain,Solution_PENETRATION TESTING_Mentions,13.872970529670688
2026-06-24,Mentions-Supply Chain,Solution_PENETRATION TESTING_Mentions,14.1399604757505
2026-07-24,Mentions-Supply Chain,Solution_PENETRATION TESTING_Mentions,14.183824569649092
2024-12-31,Mentions-Supply Chain,Solution_NLP/LLM_Mentions,-0.8807619293508218
2025-01-30,Mentions-Supply Chain,Solution_NLP/LLM_Mentions,-0.8530115661580382
2025-03-01,Mentions-Supply Chain,Solution_NLP/LLM_Mentions,-0.786390937163624
2025-03-31,Mentions-Supply Chain,Solution_NLP/LLM_Mentions,-0.9919098567450071
2025-04-30,Mentions-Supply Chain,Solution_NLP/LLM_Mentions,-1.0000646949048075
2025-05-30,Mentions-Supply Chain,Solution_NLP/LLM_Mentions,-1.004091068163003
2025-06-29,Mentions-Supply Chain,Solution_NLP/LLM_Mentions,-0.8157068510946992
2025-07-29,Mentions-Supply Chain,Solution_NLP/LLM_Mentions,-1.2879238633161485
2025-08-28,Mentions-Supply Chain,Solution_NLP/LLM_Mentions,-1.0120976073677
2025-09-27,Mentions-Supply Chain,Solution_NLP/LLM_Mentions,-0.9391468169448984
2025-10-27,Mentions-Supply Chain,Solution_NLP/LLM_Mentions,-1.224120984185511
2025-11-26,Mentions-Supply Chain,Solution_NLP/LLM_Mentions,-1.1852847425657664
2025-12-26,Mentions-Supply Chain,Solution_NLP/LLM_Mentions,-1.1572932064078465
2026-01-25,Mentions-Supply Chain,Solution_NLP/LLM_Mentions,-0.937914638102658
2026-02-24,Mentions-Supply Chain,Solution_NLP/LLM_Mentions,-0.9348485463558909
2026-03-26,Mentions-Supply Chain,Solution_NLP/LLM_Mentions,-0.9919115248485184
2026-04-25,Mentions-Supply Chain,Solution_NLP/LLM_Mentions,-1.3082494603001962
2026-05-25,Mentions-Supply Chain,Solution_NLP/LLM_Mentions,-1.131741052753945
2026-06-24,Mentions-Supply Chain,Solution_NLP/LLM_Mentions,-1.0068421210430287
2026-07-24,Mentions-Supply Chain,Solution_NLP/LLM_Mentions,-0.9040509673668318
