Solution,2025_Gap,2026_Gap,2027_Gap,Average_Gap_2025_2027
Solution_BLOCKCHAIN_Mentions,1.6859453984969637,1.2706036891121395,1.5092769266766977,1.4886086714286002
Solution_ACCESS CONTROL_Mentions,2.0121346290858932,1.989807038750955,1.876393348273103,1.959445005369984
Solution_ENCRYPTION_Mentions,2.49042509288101,2.215753812573339,2.247984643674958,2.3180545163764354
Solution_SUPPLY CHAIN RISK MANAGEMENT_Mentions,2.4842579243037384,2.4238564719869253,2.2358587532201812,2.381324383170282
Solution_IDENTITY MANAGEMENT_Mentions,2.5415751975483287,2.4395752870372753,2.130231655991954,2.3704607135258526
Solution_ML/DL_Mentions,2.230334261944458,2.193840511912948,1.3355232434137465,1.919899339090384
Solution_ANOMALY DETECTION_Mentions,2.537019369506697,2.309820873503657,2.101412842962002,2.3160843619907854
Solution_CRYPTOGRAPHY_Mentions,1.9816896793880021,2.153076364297847,1.7489707107047365,1.9612455847968617
Solution_PENETRATION TESTING_Mentions,2.4781943477598656,2.439174893655101,2.3223579618303236,2.4132424010817637
Solution_NLP/LLM_Mentions,2.604580455532389,2.413429949862982,2.219659440285549,2.4125566152269733
