time_step,forecast,uncertainty
645,-485.78802,43.235577
646,345.7629,43.23562
647,-116.68193,43.235542
648,-827.7649,43.23549
649,-405.5948,43.23562
650,-933.13727,43.235924
651,807.68726,43.235836
652,-315.20374,43.235683
653,-216.6515,43.23566
654,-566.2912,43.23575
655,-135.68312,43.235577
656,923.9172,43.23575
657,665.12915,43.235706
658,150.44048,43.235542
659,-228.56331,43.23549
660,274.29117,43.235577
661,544.48267,43.235577
662,-603.8353,43.23553
663,518.83966,43.235794
664,-150.9627,43.23549
665,762.0613,43.235878
666,215.25203,43.235542
667,492.14377,43.235706
668,-585.0186,43.23562
669,94.12119,43.235493
670,463.8519,43.235577
671,294.3331,43.235508
672,98.96876,43.235508
673,790.6147,43.23575
674,-120.38411,43.235577
675,-663.15,43.235836
676,-134.79018,43.235577
677,-278.15213,43.235577
678,1180.1401,43.235577
679,369.7878,43.23562
680,201.47377,43.235565
